# 7daf4d34-e3c1-4827-9777-a6793ffc3440,,,,,,
# 603fd3987364b09f9aacb70d1ed12c268e24dd56,,,,,,
# s_m, x_m, y_m, psi_rad, kappa_radpm, vx_mps, ax_mps2
0.0000000,0.1,0.0, 0, 0.0799358, 6.4310783, 0.4791257
0.1999470,0.3,0.0, 0, 0.0796079, 6.4459574, 0.4653654
0.3998941,0.5,0.0, 0, 0.0792965, 6.4603765, 0.4518410
0.5998411,0.7,0.0, 0, 0.0792161, 6.4743457, 0.4295347
0.7997882,0.9,0.0, 0, 0.0793720, 6.4875975, 0.3985914
0.9997352,1.1,0.0, 0, 0.0795482, 6.4998704, 0.3685076
1.1996823,1.3,0.0, 0.1303289, 0.0797473, 6.5111965, 0.3391177
1.3996293,1.5,0.0, 0.1462955, 0.0799673, 6.5216018, 0.3104672
1.5995764,1.7,0.0, 0.1623084, 0.0802078, 6.5311136, 0.2825252
1.7995234,1.9,0.0, 0.1783719, 0.0804695, 6.5397572, 0.2552192
1.9994704,2.1,0.0, 0.1944885, 0.0807521, 6.5475557, 0.2285251
2.1994175,2.3,0.0, 0.2106657, 0.0810564, 6.5545306, 0.2023805
2.3993645,2.5,0.0, 0.2269045, 0.0813823, 6.5607013, 0.1767501
2.5993116,2.7,0.0, 0.2432110, 0.0817296, 6.5660859, 0.1516261
2.7992586,2.9,0.0, 0.2595896, 0.0820993, 6.5707015, 0.1269352
2.9992057,3.1,0.0, 0.2760429, 0.0824910, 6.5745630, 0.1026807
3.1991527,3.3,0.0, 0.2925787, 0.0829052, 6.5776850, 0.0788193
3.3990997,3.5,0.0, 0.3091984, 0.0833425, 6.5800805, 0.0553120
3.5990468,3.7,0.0, 0.3259080, 0.0838019, 6.5817610, 0.0321928
3.7989938,3.9,0.0, 0.3427122, 0.0842849, 6.5827389, 0.0093819
3.9989409,4.1,0.0, 0.3596140, 0.0847914, 6.5830239, -0.0131153
4.1988879,4.3,0.0, 0.3766215, 0.0853234, 6.5826255, -0.0353978
4.3988350,4.5,0.0, 0.3937366, 0.0858804, 6.5815502, -0.0574387
4.5987820,4.7,0.0, 0.4109658, 0.0864608, 6.5798050, -0.0791653
4.7987291,4.9,0.0, 0.4283138, 0.0870667, 6.5773989, -0.1006697
4.9986761,5.1,0.0, 0.4457843, 0.0876978, 6.5743379, -0.1219400
5.1986231,5.3,0.0, 0.4633858, 0.0883602, 6.5706283, -0.1432282
5.3985702,5.5,0.0, 0.4811214, 0.0890500, 6.5662683, -0.1643442
5.5985172,5.7,0.0, 0.4989979, 0.0897699, 6.5612621, -0.1853946
5.7984643,5.9,0.0, 0.5170223, 0.0905230, 6.5556099, -0.2064869
5.9984113,6.1,0.0, 0.5351989, 0.0913039, 6.5493090, -0.2273598
6.1983584,6.3,0.0, 0.5535371, 0.0921256, 6.5423642, -0.2485615
6.3983054,6.5,0.0, 0.5720418, 0.0929779, 6.5347632, -0.2695987
6.5982524,6.7,0.0, 0.5907202, 0.0938634, 6.5265090, -0.2905603
6.7981995,6.9,0.0, 0.6095798, 0.0947860, 6.5176013, -0.3115834
6.9981465,7.1,0.0, 0.6286263, 0.0957396, 6.5080355, -0.3323694
7.1980936,7.3,0.0, 0.6478262, 0.0963139, 6.4978160, -0.3355711
7.3980406,7.5,0.0, 0.6671440, 0.0969209, 6.4874818, -0.3397870
7.5979877,7.7,0.0, 0.6865352, 0.0965460, 6.4770010, -0.3023631
7.7979347,7.9,0.0, 0.7057039, 0.0951981, 6.4676602, -0.2267136
7.9978818,8.1,0.0, 0.7246067, 0.0938809, 6.4606476, -0.1574059
8.1978288,8.3,0.0, 0.7431931, 0.0920415, 6.4557743, -0.0708798
8.3977758,8.5,0.0, 0.7614151, 0.0902302, 6.4535786, 0.0089481
8.5977229,8.7,0.0, 0.7792788, 0.0884668, 6.4538558, 0.0818497
8.7976699,8.9,0.0, 0.7967945, 0.0867431, 6.4563911, 0.1487508
8.9976170,9.1,0.0, 0.8139689, 0.0850460, 6.4609961, 0.2106959
9.1975640,9.3,0.0, 0.8308078, 0.0833971, 6.4675132, 0.2672079
9.3975111,9.5,0.0, 0.8473199, 0.0817692, 6.4757688, 0.3198525
9.5974581,9.7,-0.1, 0.8635092, 0.0801757, 6.4856371, 0.3683984
9.7974051,9.9,-0.1, 0.8793830, 0.0786106, 6.4969846, 0.4134176
9.9973522,10.0,-0.3, 0.8949469, 0.0770659, 6.5096953, 0.4555270
10.1972992,10.1,-0.4, 0.9102040, 0.0755562, 6.5236719, 0.4943527
10.3972463,10.2,-0.6, 0.9251619, 0.0740626, 6.5388060, 0.5309287
10.5971933,10.2,-0.8, 0.9398230, 0.0725916, 6.5550209, 0.5651740
10.7971404,10.3,-1.0, 0.9541917, 0.0711388, 6.5722377, 0.5974513
10.9970874,10.3,-1.2, 0.9682725, 0.0697017, 6.5903889, 0.6280263
11.1970345,10.4,-1.4, 0.9820658, 0.0682772, 6.6094153, 0.6571688
11.3969815,10.5,-1.6, 0.9955765, 0.0668653, 6.6292660, 0.6849985
11.5969285,10.5,-1.8, 1.0088060, 0.0654652, 6.6498944, 0.7116624
11.7968756,10.6,-2.0, 1.0217561, 0.0640740, 6.6712581, 0.7373933
11.9968226,10.7,-2.1, 1.0344300, 0.0626946, 6.6933223, 0.7621364
12.1967697,10.8,-2.3, 1.0468276, 0.0613211, 6.7160507, 0.7862572
12.3967167,10.9,-2.5, 1.0589522, 0.0599570, 6.7394182, 0.8096500
12.5966638,10.9,-2.7, 1.0708048, 0.0586006, 6.7633964, 0.8324723
12.7966108,11.0,-2.9, 1.0823865, 0.0572495, 6.7879623, 0.8548913
12.9965578,11.1,-3.1, 1.0936995, 0.0559073, 6.8130975, 0.8767941
13.1965049,11.2,-3.2, 1.1047436, 0.0545675, 6.8387808, 0.8985394
13.3964519,11.3,-3.4, 1.1155210, 0.0532347, 6.8650014, 0.9199530
13.5963990,11.3,-3.6, 1.1260324, 0.0519069, 6.8917434, 0.9411759
13.7963460,11.4,-3.8, 1.1362784, 0.0505822, 6.9189954, 0.9623346
13.9962931,11.5,-4.0, 1.1462606, 0.0492640, 6.9467496, 0.9833090
14.1962401,11.6,-4.2, 1.1559787, 0.0479465, 6.9749946, 1.0044098
14.3961872,11.6,-4.4, 1.1654343, 0.0466339, 7.0037281, 1.0254652
14.5961342,11.7,-4.5, 1.1746277, 0.0453245, 7.0329428, 1.0465925
14.7960812,11.8,-4.7, 1.1835594, 0.0440169, 7.0626348, 1.0678907
14.9960283,11.8,-4.9, 1.1922303, 0.0427137, 7.0928030, 1.0892548
15.1959753,11.9,-5.1, 1.2006403, 0.0414103, 7.1234430, 1.1109398
15.3959224,11.9,-5.3, 1.2087902, 0.0401102, 7.1545579, 1.1328005
15.5958694,12.0,-5.5, 1.2166804, 0.0388120, 7.1861463, 1.1549331
15.7958165,12.0,-5.7, 1.2243109, 0.0375146, 7.2182096, 1.1774167
15.9957635,12.1,-5.9, 1.2316824, 0.0362200, 7.2507511, 1.2001680
16.1957105,12.1,-6.1, 1.2387950, 0.0349249, 7.2837718, 1.2233869
16.3956576,12.2,-6.3, 1.2456488, 0.0336317, 7.3172780, 1.2469657
16.5956046,12.2,-6.5, 1.2522443, 0.0323395, 7.3512727, 1.2709856
16.7955517,12.3,-6.7, 1.2585812, 0.0310473, 7.3857613, 1.2955111
16.9954987,12.3,-6.9, 1.2646600, 0.0297568, 7.4207505, 1.3204804
17.1954458,12.4,-7.1, 1.2704807, 0.0284651, 7.4562450, 1.3460723
17.3953928,12.4,-7.3, 1.2760431, 0.0271745, 7.4922544, 1.3721877
17.5953399,12.4,-7.5, 1.2813477, 0.0258848, 7.5287852, 1.3988530
17.7952869,12.5,-7.7, 1.2863944, 0.0245955, 7.5658443, 1.4261307
17.9952339,12.5,-7.9, 1.2911833, 0.0233071, 7.6034401, 1.4540113
18.1951810,12.6,-8.1, 1.2957236, 0.0221075, 7.6415804, 1.4773912
18.3951280,12.6,-8.2, 1.3000240, 0.0209082, 7.6801400, 1.5015162
18.5950751,12.6,-8.4, 1.3040859, 0.0197328, 7.7191320, 1.5249935
18.7950221,12.7,-8.6, 1.3079163, 0.0185810, 7.7585330, 1.5478583
18.9949692,12.7,-8.8, 1.3115163, 0.0174295, 7.7983212, 1.5715347
19.1949162,12.8,-9.0, 1.3148862, 0.0162777, 7.8385114, 1.5960741
19.3948633,12.8,-9.2, 1.3180257, 0.0151259, 7.8791194, 1.6214632
19.5948103,12.9,-9.4, 1.3209349, 0.0139742, 7.9201601, 1.6477114
19.7947573,12.9,-9.6, 1.3236139, 0.0128225, 7.9616484, 1.5307917
19.9947044,13.0,-9.8, 1.3260625, 0.0116708, 8.0000000, 0.0000000
20.1946514,13.0,-10.0, 1.3282810, 0.0105193, 8.0000000, 0.0000000
20.3945985,13.1,-10.2, 1.3302691, 0.0093677, 8.0000000, 0.0000000
20.5945455,13.1,-10.4, 1.3320270, 0.0082156, 8.0000000, 0.0000000
20.7944926,13.1,-10.6, 1.3335545, 0.0070632, 8.0000000, 0.0000000
20.9944396,13.2,-10.8, 1.3348515, 0.0059105, 8.0000000, 0.0000000
21.1943866,13.2,-11.0, 1.3359181, 0.0047582, 8.0000000, 0.0000000
21.3943337,13.3,-11.2, 1.3367543, 0.0036057, 8.0000000, 0.0000000
21.5942807,13.3,-11.4, 1.3373600, 0.0024526, 8.0000000, 0.0000000
21.7942278,13.4,-11.6, 1.3377351, 0.0012990, 8.0000000, 0.0000000
21.9941748,13.4,-11.8, 1.3378794, 0.0001451, 8.0000000, 0.0000000
22.1941219,13.4,-12.0, 1.3377930, -0.0010093, 8.0000000, 0.0000000
22.3940689,13.5,-12.2, 1.3374758, -0.0021640, 8.0000000, 0.0000000
22.5940160,13.5,-12.4, 1.3369277, -0.0033191, 8.0000000, 0.0000000
22.7939630,13.6,-12.6, 1.3361485, -0.0044747, 8.0000000, 0.0000000
22.9939100,13.6,-12.8, 1.3351383, -0.0056307, 8.0000000, 0.0000000
23.1938571,13.7,-12.9, 1.3338967, -0.0067873, 8.0000000, 0.0000000
23.3938041,13.7,-13.1, 1.3324240, -0.0079443, 8.0000000, 0.0000000
23.5937512,13.8,-13.3, 1.3307199, -0.0091018, 8.0000000, 0.0000000
23.7936982,13.8,-13.5, 1.3287842, -0.0102600, 8.0000000, 0.0000000
23.9936453,13.9,-13.7, 1.3266170, -0.0114186, 8.0000000, 0.0000000
24.1935923,14.0,-13.9, 1.3242179, -0.0125781, 8.0000000, 0.0000000
24.3935393,14.1,-14.1, 1.3215870, -0.0137381, 8.0000000, 0.0000000
24.5934864,14.2,-14.3, 1.3187241, -0.0148988, 8.0000000, 0.0000000
24.7934334,14.3,-14.4, 1.3156289, -0.0160604, 8.0000000, 0.0000000
24.9933805,14.3,-14.6, 1.3123017, -0.0172225, 8.0000000, 0.0000000
25.1933275,14.4,-14.8, 1.3087416, -0.0183860, 8.0000000, 0.0000000
25.3932746,14.5,-15.0, 1.3049491, -0.0195500, 8.0000000, 0.0000000
25.5932216,14.6,-15.1, 1.3009237, -0.0207152, 8.0000000, 0.0000000
25.7931687,14.7,-15.3, 1.2966651, -0.0218815, 8.0000000, 0.0000000
25.9931157,14.8,-15.5, 1.2921735, -0.0230485, 8.0000000, 0.0000000
26.1930627,14.9,-15.7, 1.2874480, -0.0242175, 8.0000000, 0.0000000
26.3930098,15.0,-15.9, 1.2824889, -0.0253874, 8.0000000, 0.0000000
26.5929568,15.1,-16.0, 1.2772957, -0.0265587, 8.0000000, 0.0000000
26.7929039,15.2,-16.2, 1.2718680, -0.0277317, 8.0000000, 0.0000000
26.9928509,15.3,-16.4, 1.2662060, -0.0289058, 8.0000000, 0.0000000
27.1927980,15.4,-16.6, 1.2603086, -0.0300824, 8.0000000, 0.0000000
27.3927450,15.4,-16.8, 1.2541760, -0.0312604, 8.0000000, 0.0000000
27.5926920,15.5,-16.9, 1.2478077, -0.0324404, 8.0000000, 0.0000000
27.7926391,15.6,-17.1, 1.2412031, -0.0336229, 8.0000000, 0.0000000
27.9925861,15.7,-17.3, 1.2343622, -0.0348068, 8.0000000, 0.0000000
28.1925332,15.8,-17.5, 1.2272838, -0.0359942, 8.0000000, 0.0000000
28.3924802,15.9,-17.6, 1.2199681, -0.0371835, 8.0000000, 0.0000000
28.5924273,16.0,-17.8, 1.2124142, -0.0383755, 8.0000000, 0.0000000
28.7923743,16.1,-18.0, 1.2046217, -0.0395708, 8.0000000, 0.0000000
28.9923214,16.2,-18.2, 1.1965901, -0.0407683, 8.0000000, 0.0000000
29.1922684,16.3,-18.4, 1.1883183, -0.0419704, 8.0000000, 0.0000000
29.3922154,16.4,-18.5, 1.1798061, -0.0431755, 8.0000000, 0.0000000
29.5921625,16.4,-18.7, 1.1710525, -0.0443840, 8.0000000, 0.0000000
29.7921095,16.5,-18.9, 1.1620569, -0.0455966, 8.0000000, 0.0000000
29.9920566,16.5,-19.1, 1.1528186, -0.0468122, 8.0000000, 0.0000000
30.1920036,16.5,-19.3, 1.1433365, -0.0480336, 8.0000000, 0.0000000
30.3919507,16.4,-19.5, 1.1336099, -0.0492598, 8.0000000, 0.0000000
30.5918977,16.2,-19.6, 1.1236375, -0.0504917, 8.0000000, 0.0000000
30.7918447,16.0,-19.7, 1.1134181, -0.0517305, 8.0000000, 0.0000000
30.9917918,15.8,-19.7, 1.1029507, -0.0529608, 8.0000000, 0.0000000
31.1917388,15.6,-19.7, 1.0922569, -0.0540068, 8.0000000, 0.0000000
31.3916859,15.4,-19.6, 1.0813539, -0.0550520, 8.0000000, 0.0000000
31.5916329,15.2,-19.6, 1.0703097, -0.0549207, 8.0000000, 0.0000000
31.7915800,15.0,-19.6, 1.0594293, -0.0539151, 8.0000000, 0.0000000
31.9915270,14.8,-19.5, 1.0487491, -0.0528595, 8.0000000, 0.0000000
32.1914741,14.6,-19.5, 1.0383499, -0.0511677, 8.0000000, 0.0000000
32.3914211,14.4,-19.4, 1.0282871, -0.0494845, 8.0000000, 0.0000000
32.5913681,14.2,-19.4, 1.0185604, -0.0478092, 8.0000000, 0.0000000
32.7913152,14.0,-19.3, 1.0091684, -0.0461379, 8.0000000, 0.0000000
32.9912622,13.8,-19.3, 1.0001095, -0.0444718, 8.0000000, 0.0000000
33.1912093,13.6,-19.3, 0.9913842, -0.0428088, 8.0000000, 0.0000000
33.3911563,13.5,-19.2, 0.9829904, -0.0411499, 8.0000000, 0.0000000
33.5911034,13.3,-19.2, 0.9749281, -0.0394957, 8.0000000, 0.0000000
33.7910504,13.1,-19.1, 0.9671963, -0.0378443, 8.0000000, 0.0000000
33.9909974,12.9,-19.1, 0.9597940, -0.0361962, 8.0000000, 0.0000000
34.1909445,12.7,-19.0, 0.9527215, -0.0345503, 8.0000000, 0.0000000
34.3908915,12.5,-18.9, 0.9459775, -0.0329065, 8.0000000, 0.0000000
34.5908386,12.3,-18.9, 0.9395621, -0.0312652, 8.0000000, 0.0000000
34.7907856,12.1,-18.8, 0.9334747, -0.0296253, 8.0000000, 0.0000000
34.9907327,11.9,-18.7, 0.9277149, -0.0279872, 8.0000000, 0.0000000
35.1906797,11.8,-18.6, 0.9222827, -0.0263505, 8.0000000, 0.0000000
35.3906268,11.6,-18.5, 0.9171775, -0.0247149, 8.0000000, 0.0000000
35.5905738,11.4,-18.4, 0.9123992, -0.0230807, 8.0000000, 0.0000000
35.7905208,11.2,-18.4, 0.9079477, -0.0214473, 8.0000000, 0.0000000
35.9904679,11.0,-18.3, 0.9038224, -0.0198148, 8.0000000, 0.0000000
36.1904149,10.8,-18.2, 0.9000238, -0.0181833, 8.0000000, 0.0000000
36.3903620,10.7,-18.1, 0.8965511, -0.0165523, 8.0000000, 0.0000000
36.5903090,10.5,-18.0, 0.8934045, -0.0149222, 8.0000000, 0.0000000
36.7902561,10.3,-17.9, 0.8905838, -0.0132928, 8.0000000, 0.0000000
36.9902031,10.1,-17.9, 0.8880887, -0.0116639, 8.0000000, 0.0000000
37.1901502,9.9,-17.8, 0.8859194, -0.0100355, 8.0000000, 0.0000000
37.3900972,9.8,-17.7, 0.8840756, -0.0084076, 8.0000000, 0.0000000
37.5900442,9.6,-17.6, 0.8825571, -0.0067810, 8.0000000, 0.0000000
37.7899913,9.4,-17.5, 0.8813638, -0.0051555, 8.0000000, 0.0000000
37.9899383,9.2,-17.4, 0.8804954, -0.0035300, 8.0000000, 0.0000000
38.1898854,9.0,-17.4, 0.8799525, -0.0019014, 8.0000000, 0.0000000
38.3898324,8.8,-17.3, 0.8797351, -0.0002731, 8.0000000, 0.0000000
38.5897795,8.7,-17.2, 0.8798428, 0.0013480, 8.0000000, 0.0000000
38.7897265,8.5,-17.1, 0.8802739, 0.0029645, 8.0000000, 0.0000000
38.9896735,8.3,-17.0, 0.8810284, 0.0045926, 8.0000000, 0.0000000
39.1896206,8.1,-16.9, 0.8821188, 0.0063142, 8.0000000, 0.0000000
39.3895676,7.9,-16.9, 0.8835534, 0.0080355, 8.0000000, 0.0000000
39.5895147,7.7,-16.8, 0.8853342, 0.0097901, 8.0000000, 0.0000000
39.7894617,7.6,-16.7, 0.8874692, 0.0115657, 8.0000000, 0.0000000
39.9894088,7.4,-16.6, 0.8899593, 0.0133416, 8.0000000, 0.0000000
40.1893558,7.2,-16.5, 0.8928047, 0.0151208, 8.0000000, 0.0000000
40.3893029,7.0,-16.5, 0.8960060, 0.0169003, 8.0000000, 0.0000000
40.5892499,6.8,-16.4, 0.8995631, 0.0186798, 8.0000000, 0.0000000
40.7891969,6.6,-16.3, 0.9034760, 0.0204597, 8.0000000, 0.0000000
40.9891440,6.4,-16.2, 0.9077449, 0.0222402, 8.0000000, 0.0000000
41.1890910,6.3,-16.2, 0.9123698, 0.0240223, 8.0000000, 0.0000000
41.3890381,6.1,-16.1, 0.9173513, 0.0258052, 8.0000000, 0.0000000
41.5889851,5.9,-16.0, 0.9226893, 0.0275894, 8.0000000, 0.0000000
41.7889322,5.7,-16.0, 0.9283842, 0.0293752, 8.0000000, 0.0000000
41.9888792,5.5,-15.9, 0.9344364, 0.0311624, 8.0000000, 0.0000000
42.1888262,5.3,-15.8, 0.9408461, 0.0329520, 8.0000000, 0.0000000
42.3887733,5.1,-15.8, 0.9476139, 0.0347438, 8.0000000, 0.0000000
42.5887203,4.9,-15.7, 0.9547401, 0.0365377, 8.0000000, 0.0000000
42.7886674,4.7,-15.6, 0.9622254, 0.0383350, 8.0000000, 0.0000000
42.9886144,4.6,-15.6, 0.9700702, 0.0401350, 8.0000000, 0.0000000
43.1885615,4.4,-15.5, 0.9782755, 0.0419388, 8.0000000, 0.0000000
43.3885085,4.2,-15.4, 0.9868416, 0.0437467, 8.0000000, 0.0000000
43.5884556,4.0,-15.4, 0.9957698, 0.0455585, 8.0000000, 0.0000000
43.7884026,3.8,-15.3, 1.0050607, 0.0473758, 8.0000000, 0.0000000
43.9883496,3.6,-15.2, 1.0147152, 0.0491978, 8.0000000, 0.0000000
44.1882967,3.4,-15.2, 1.0247351, 0.0510261, 8.0000000, 0.0000000
44.3882437,3.2,-15.1, 1.0351208, 0.0528610, 8.0000000, 0.0000000
44.5881908,3.0,-15.0, 1.0458743, 0.0547021, 8.0000000, 0.0000000
44.7881378,2.9,-15.0, 1.0569967, 0.0565521, 8.0000000, 0.0000000
44.9880849,2.7,-14.9, 1.0684893, 0.0584094, 8.0000000, 0.0000000
45.1880319,2.5,-14.8, 1.0803551, 0.0602766, 8.0000000, 0.0000000
45.3879789,2.3,-14.8, 1.0925944, 0.0621539, 8.0000000, 0.0000000
45.5879260,2.1,-14.7, 1.1052105, 0.0640409, 8.0000000, 0.0000000
45.7878730,1.9,-14.6, 1.1182052, 0.0659411, 8.0000000, 0.0000000
45.9878201,1.7,-14.6, 1.1315803, 0.0678523, 8.0000000, 0.0000000
46.1877671,1.5,-14.5, 1.1453401, 0.0697784, 8.0000000, 0.0000000
46.3877142,1.3,-14.5, 1.1594855, 0.0717193, 8.0000000, 0.0000000
46.5876612,1.1,-14.4, 1.1740209, 0.0736744, 8.0000000, 0.0000000
46.7876083,0.9,-14.3, 1.1889491, 0.0756488, 8.0000000, 0.0000000
46.9875553,0.8,-14.3, 1.2042730, 0.0776392, 8.0000000, 0.0000000
47.1875023,0.6,-14.2, 1.2199981, 0.0796512, 8.0000000, 0.0000000
47.3874494,0.4,-14.1, 1.2361267, 0.0816843, 8.0000000, 0.0000000
47.5873964,0.3,-13.9, 1.2526642, 0.0837376, 8.0000000, 0.0000000
47.7873435,0.1,-13.8, 1.2696150, 0.0858179, 8.0000000, 0.0000000
47.9872905,0.1,-13.6, 1.2869833, 0.0879211, 8.0000000, 0.0000000
48.1872376,0.1,-13.4, 1.3047764, 0.0900566, 8.0000000, 0.0000000
48.3871846,0.1,-13.2, 1.3229986, 0.0922214, 8.0000000, 0.0000000
48.5871316,0.2,-13.0, 1.3416565, 0.0944113, 8.0000000, 0.0000000
48.7870787,0.3,-12.8, 1.3607558, 0.0966365, 8.0000000, 0.0000000
48.9870257,0.4,-12.7, 1.3803026, 0.0988977, 8.0000000, 0.0000000
49.1869728,0.5,-12.5, 1.4003098, 0.1012311, 8.0000000, -0.7354019
49.3869198,0.7,-12.4, 1.4207871, 0.1036036, 7.9815987, -1.5244979
49.5868669,0.9,-12.3, 1.4417392, 0.1059640, 7.9433167, -1.5099092
49.7868139,1.0,-12.2, 1.4631638, 0.1083473, 7.9052183, -1.4954600
49.9867610,1.2,-12.1, 1.4850636, 0.1103610, 7.8673026, -1.4811491
50.1867080,1.4,-12.0, 1.5070810, 0.1098828, 7.8295688, -1.4669751
50.3866550,1.6,-11.9, 1.5290089, 0.1094617, 7.7920160, -1.4529368
50.5866021,1.7,-11.8, 1.5508138, 0.1084075, 7.7546432, -1.4390329
50.7865491,1.9,-11.7, 1.5723502, 0.1070215, 7.7174498, -1.4252620
50.9864962,2.1,-11.7, 1.5936148, 0.1056910, 7.6804347, -1.4116228
51.1864432,2.3,-11.6, 1.6146192, 0.1044146, 7.6435972, -1.3981142
51.3863903,2.5,-11.6, 1.6353727, 0.1031834, 7.6069363, -1.3847349
51.5863373,2.7,-11.5, 1.6558852, 0.1020044, 7.5704513, -1.3714836
51.7862843,2.9,-11.5, 1.6761663, 0.1008670, 7.5341413, -1.3583591
51.9862314,3.1,-11.5, 1.6962240, 0.0997732, 7.4980054, -1.3453602
52.1861784,3.3,-11.5, 1.7160680, 0.0987259, 7.4620428, -1.3324857
52.3861255,3.5,-11.5, 1.7357062, 0.0977135, 7.4262528, -1.3197344
52.5860725,3.7,-11.5, 1.7551460, 0.0967475, 7.3906343, -1.3071051
52.7860196,3.9,-11.5, 1.7743967, 0.0958169, 7.3551868, -1.2945967
52.9859666,4.1,-11.5, 1.7934650, 0.0949213, 7.3199092, -1.2822079
53.1859137,4.3,-11.5, 1.8123577, 0.0940682, 7.2848009, -1.2699378
53.3858607,4.5,-11.6, 1.8310838, 0.0932420, 7.2498609, -1.2577850
53.5858077,4.7,-11.6, 1.8496471, 0.0924560, 7.2150885, -1.2457486
53.7857548,4.9,-11.7, 1.8680571, 0.0916990, 7.1804829, -1.2338273
53.9857018,5.1,-11.7, 1.8863194, 0.0909724, 7.1460433, -1.2220201
54.1856489,5.2,-11.8, 1.9044392, 0.0902957, 7.1117688, -1.2103259
54.3855959,5.4,-11.9, 1.9224289, 0.0896392, 7.0776588, -1.2049644
54.5855430,5.6,-12.0, 1.9403629, 0.0901396, 7.0435357, -1.2009256
54.7854900,5.8,-12.0, 1.9584928, 0.0912145, 7.0093618, -1.1757203
54.9854371,6.0,-12.1, 1.9768569, 0.0931828, 6.9757429, -1.1644692
55.1853841,6.2,-12.2, 1.9961084, 0.0994176, 6.9422853, -1.1533257
55.3853311,6.4,-12.3, 2.0166150, 0.1056852, 6.9089881, -1.1422889
55.5852782,6.5,-12.4, 2.0383143, 0.1110988, 6.8758506, -1.1313577
55.7852252,6.7,-12.4, 2.0610312, 0.1161445, 6.8428721, -1.1205311
55.9851723,6.9,-12.5, 2.0847647, 0.1211942, 6.8100517, -1.1098081
56.1851193,7.1,-12.6, 2.1094843, 0.1261146, 6.7773888, -1.0991877
56.3850664,7.3,-12.7, 2.1352023, 0.1311212, 6.7448825, -1.0886690
56.5850134,7.4,-12.8, 2.1619231, 0.1361727, 6.7125322, -1.0782509
56.7849604,7.6,-12.9, 2.1896644, 0.1413359, 6.6803370, -1.0679325
56.9849075,7.8,-13.0, 2.2184516, 0.1465945, 6.6482962, -1.0577129
57.1848545,8.0,-13.1, 2.2482952, 0.1519654, 6.6164091, -1.0475910
57.3848016,8.2,-13.1, 2.2792322, 0.1574973, 6.5846749, -1.0375660
57.5847486,8.4,-13.2, 2.3112858, 0.1631369, 6.5530929, -1.0276370
57.7846957,8.5,-13.3, 2.3444858, 0.1689828, 6.5216624, -1.0178029
57.9846427,8.7,-13.3, 2.3788740, 0.1750035, 6.4903827, -1.0080630
58.1845898,8.9,-13.3, 2.4144841, 0.1812206, 6.4592530, -0.9984163
58.3845368,9.1,-13.3, 2.4513628, 0.1877175, 6.4282726, -0.9888619
58.5844838,9.3,-13.3, 2.4895650, 0.1944118, 6.3974408, -0.9793989
58.7844309,9.5,-13.3, 2.5291373, 0.2014632, 6.3667568, -0.9700265
58.9843779,9.7,-13.2, 2.5701473, 0.2088228, 6.3362201, -0.9607438
59.1843250,9.9,-13.2, 2.6126734, 0.2165460, 6.3058298, -0.9515499
59.3842720,10.1,-13.1, 2.6567787, 0.2247517, 6.2755852, -0.9424440
59.5842191,10.3,-13.0, 2.7025721, 0.2332933, 6.2454857, -0.9334252
59.7841661,10.4,-12.8, 2.7501287, 0.2424695, 6.2155306, -0.9244927
59.9841131,10.5,-12.7, 2.7995567, 0.2517312, 6.1857192, -0.9156457
60.1840602,10.7,-12.5, 2.8505745, 0.2584915, 6.1560507, -0.9068834
60.3840072,10.8,-12.3, 2.9029984, 0.2661743, 6.1265245, -0.8982049
60.5839543,10.8,-12.2, 2.9561969, 0.2610234, 6.0971400, -0.8896095
60.7839013,10.9,-12.0, 3.0071184, 0.2483874, 6.0678964, -0.8810963
60.9838484,10.9,-11.8, 3.0555578, 0.2363822, 6.0387930, -0.8726646
61.1837954,10.9,-11.6, 3.1016293, 0.2243971, 6.0098293, -0.8643136
61.3837425,10.9,-11.4, -3.1378776, 0.2126087, 5.9810044, -0.8560425
61.5836895,10.9,-11.2, -3.0965018, 0.2014490, 5.9523179, -0.8478505
61.7836365,10.9,-11.0, -3.0573100, 0.1906213, 5.9237688, -0.8397370
61.9835836,10.8,-10.8, -3.0202535, 0.1800941, 5.8953568, -0.8317011
62.1835306,10.8,-10.6, -2.9852806, 0.1698010, 5.8670810, -0.8237420
62.3834777,10.7,-10.4, -2.9523433, 0.1596574, 5.8389408, -0.8237420
62.5834247,10.6,-10.2, -2.9214202, 0.1497121, 5.8106643, -0.7759662
62.7833718,10.6,-10.0, -2.8924741, 0.1398562, 5.7839014, -0.3789164
62.9833188,10.5,-9.8, -2.8654787, 0.1301505, 5.7707876, -0.0242878
63.1832658,10.5,-9.6, -2.8404214, 0.1205597, 5.7699460, 0.2969299
63.3832129,10.4,-9.4, -2.8172642, 0.1110500, 5.7802264, 0.5923340
63.5831599,10.4,-9.2, -2.7960033, 0.1016467, 5.8006800, 0.8664803
63.7831070,10.3,-9.0, -2.7766157, 0.0922957, 5.8304707, 1.1258748
63.9830540,10.3,-8.8, -2.7590869, 0.0830171, 5.8689538, 1.3737999
64.1830011,10.3,-8.6, -2.7434135, 0.0737928, 5.9155721, 1.6144051
64.3829481,10.2,-8.4, -2.7295758, 0.0646090, 5.9698898, 1.8513144
64.5828952,10.2,-8.3, -2.7175712, 0.0554765, 6.0315764, 2.0869884
64.7828422,10.1,-8.1, -2.7073895, 0.0463722, 6.1003679, 2.3249420
64.9827892,10.0,-7.9, -2.6990245, 0.0372986, 6.1761007, 2.5676052
65.1827363,10.0,-7.7, -2.6924702, 0.0282631, 6.2586731, 2.8171433
65.3826833,9.9,-7.5, -2.6877215, 0.0192370, 6.3480350, 3.0771307
65.5826304,9.7,-7.3, -2.6847746, 0.0102470, 6.4442280, 3.3489681
65.7825774,9.6,-7.2, -2.6836232, 0.0012678, 6.5473130, 3.6362605
65.9825245,9.5,-7.1, -2.6842681, -0.0077082, 6.6574339, 3.2587725
66.1824715,9.3,-7.0, -2.6867021, -0.0166359, 6.7545977, 2.7613363
66.3824185,9.1,-6.9, -2.6909223, -0.0255923, 6.8358491, 0.2256526
66.5823656,8.9,-6.8, -2.6969343, -0.0345062, 6.8424462, -3.7609075
66.7823126,8.7,-6.8, -2.7047256, -0.0434325, 6.7316495, -3.4455324
66.9822597,8.5,-6.7, -2.7143034, -0.0523883, 6.6285184, -3.1482305
67.1822067,8.3,-6.8, -2.7256751, -0.0613077, 6.5328629, -2.8610583
67.3821538,8.1,-6.8, -2.7388257, -0.0703064, 6.4447015, -2.5844854
67.5821008,7.9,-6.8, -2.7537907, -0.0793089, 6.3640127, -2.3127303
67.7820479,7.7,-6.9, -2.7705551, -0.0883877, 6.2909308, -2.0429470
67.9819949,7.6,-7.0, -2.7891344, -0.0975440, 6.2256604, -1.7732685
68.1819419,7.4,-7.1, -2.8095712, -0.1067510, 6.1684462, -1.4973590
68.3818890,7.2,-7.2, -2.8318320, -0.1160892, 6.1197176, -1.2140116
68.5818360,7.0,-7.3, -2.8559966, -0.1255000, 6.0799233, -0.9159977
68.7817831,6.9,-7.4, -2.8820434, -0.1350695, 6.0497244, -0.8758268
68.9817301,6.7,-7.5, -2.9100045, -0.1447720, 6.0207082, -0.8674456
69.1816772,6.6,-7.6, -2.9399555, -0.1546633, 5.9918312, -0.8591445
69.3816242,6.4,-7.7, -2.9718580, -0.1647201, 5.9630926, -0.8509228
69.5815712,6.2,-7.9, -3.0058430, -0.1751178, 5.9344920, -0.8427799
69.7815183,6.0,-8.0, -3.0419157, -0.1857881, 5.9060285, -0.8347148
69.9814653,5.9,-8.0, -3.0801276, -0.1966033, 5.8777015, -0.8267270
70.1814124,5.7,-8.1, -3.1205482, -0.2076666, 5.8495103, -0.8188156
70.3813594,5.5,-8.2, 3.1200166, -0.2188356, 5.8214544, -0.8109799
70.5813065,5.3,-8.2, 3.0750791, -0.2308192, 5.7935331, -0.8032191
70.7812535,5.1,-8.3, 3.0277069, -0.2430591, 5.7657457, -0.7955327
70.9812006,4.9,-8.3, 2.9778816, -0.2560321, 5.7380915, -0.7879198
71.1811476,4.7,-8.4, 2.9253513, -0.2696668, 5.7105700, -0.7803797
71.3810946,4.5,-8.4, 2.8700463, -0.2828371, 5.6831805, -0.7729119
71.5810417,4.3,-8.4, 2.8120350, -0.2989255, 5.6559224, -0.7655154
71.7809887,4.1,-8.4, 2.7505587, -0.3153877, 5.6287950, -0.7581898
71.9809358,3.9,-8.3, 2.6869335, -0.3138078, 5.6017977, -0.7509342
72.1808828,3.7,-8.3, 2.6255369, -0.3009812, 5.5749299, -0.7437481
72.3808299,3.5,-8.3, 2.5663063, -0.2895641, 5.5481909, -0.7366308
72.5807769,3.3,-8.2, 2.5106336, -0.2681991, 5.5215802, -0.7295815
72.7807240,3.1,-8.2, 2.4589953, -0.2482146, 5.4950972, -0.7225998
72.9806710,2.9,-8.1, 2.4112440, -0.2292605, 5.4687411, -0.7156848
73.1806180,2.7,-8.1, 2.3672752, -0.2106964, 5.4425115, -0.7088360
73.3805651,2.5,-8.0, 2.3269139, -0.1929185, 5.4164077, -0.7088360
73.5805121,2.3,-8.0, 2.2901349, -0.1750146, 5.3901774, -0.4819529
73.7804592,2.2,-7.9, 2.2569041, -0.1574293, 5.3722698, 0.0729216
73.9804062,2.0,-7.9, 2.2271471, -0.1401818, 5.3749831, 0.5645601
74.1803533,1.8,-7.8, 2.2008357, -0.1229894, 5.3959436, 1.0175530
74.3803003,1.6,-7.8, 2.1779597, -0.1059082, 5.4335183, 1.4431800
74.5802473,1.4,-7.7, 2.1584982, -0.0886609, 5.4863686, 1.8608371
74.7801944,1.2,-7.7, 2.1425000, -0.0713893, 5.5537715, 2.2759093
74.9801414,1.0,-7.6, 2.1299509, -0.0541370, 5.6351132, 2.6961141
75.1800885,0.8,-7.6, 2.1208529, -0.0368418, 5.7299791, 3.1321116
75.3800355,0.6,-7.5, 2.1152233, -0.0194852, 5.8382509, 3.5931705
75.5799826,0.4,-7.5, 2.1130700, -0.0020311, 5.9600387, 4.0895668
75.7799296,0.2,-7.4, 2.1144132, 0.0154793, 6.0956915, 3.4792034
75.9798767,0.0,-7.4, 2.1192630, 0.0330346, 6.2087654, 2.6907789
76.1798237,-0.2,-7.3, 2.1276270, 0.0506286, 6.2948228, 1.8890469
76.3797707,-0.4,-7.3, 2.1395069, 0.0682452, 6.3545427, 1.0913268
76.5797178,-0.6,-7.2, 2.1549312, 0.0860169, 6.3887893, 0.3084975
76.7796648,-0.8,-7.2, 2.1739085, 0.1038293, 6.3984369, -0.5532959
76.9796119,-1.0,-7.1, 2.1963257, 0.1194388, 6.3811233, -0.9744091
77.1795589,-1.2,-7.1, 2.2215987, 0.1333671, 6.3505176, -0.9650845
77.3795060,-1.4,-7.0, 2.2496545, 0.1467859, 6.3200588, -0.9558490
77.5794530,-1.5,-7.0, 2.2795332, 0.1521436, 6.2897460, -0.9467020
77.7794000,-1.7,-6.9, 2.3104945, 0.1575361, 6.2595786, -0.9376424
77.9793471,-1.9,-6.9, 2.3423366, 0.1595858, 6.2295558, -0.9286696
78.1792941,-2.1,-6.8, 2.3742075, 0.1592650, 6.1996771, -0.9197827
78.3792412,-2.3,-6.8, 2.4060437, 0.1588103, 6.1699417, -0.9109807
78.5791882,-2.5,-6.7, 2.4373612, 0.1545684, 6.1403489, -0.9022631
78.7791353,-2.7,-6.7, 2.4678629, 0.1505169, 6.1108981, -0.8936288
78.9790823,-2.9,-6.6, 2.4975698, 0.1466431, 6.0815885, -0.8850772
79.1790294,-3.1,-6.6, 2.5265120, 0.1428921, 6.0524195, -0.8766074
79.3789764,-3.3,-6.5, 2.5547260, 0.1392978, 6.0233904, -0.8766074
79.5789234,-3.5,-6.5, 2.5822286, 0.1358590, 5.9942207, -0.7467547
79.7788705,-3.7,-6.4, 2.6090604, 0.1325287, 5.9692595, -0.5678221
79.9788175,-3.9,-6.4, 2.6352400, 0.1293831, 5.9502092, -0.4113468
80.1787646,-4.1,-6.3, 2.6608065, 0.1263721, 5.9363705, -0.2730608
80.3787116,-4.3,-6.3, 2.6857841, 0.1234667, 5.9271662, -0.1499533
80.5786587,-4.5,-6.3, 2.7101981, 0.1207750, 5.9221055, -0.0441688
80.7786057,-4.7,-6.2, 2.7340849, 0.1181564, 5.9206141, 0.0509289
80.9785527,-4.9,-6.2, 2.7574576, 0.1156668, 5.9223338, 0.1344907
81.1784998,-5.0,-6.1, 2.7803443, 0.1132762, 5.9268726, 0.2086800
81.3784468,-5.2,-6.1, 2.8027621, 0.1109562, 5.9339084, 0.2753818
81.5783939,-5.4,-6.0, 2.8247228, 0.1087332, 5.9431803, 0.3343850
81.7783409,-5.6,-6.0, 2.8462467, 0.1065645, 5.9544195, 0.3878884
81.9782880,-5.8,-5.9, 2.8673417, 0.1044455, 5.9674304, 0.4365623
82.1782350,-6.0,-5.9, 2.8880163, 0.1023656, 5.9820401, 0.4812332
82.3781821,-6.2,-5.8, 2.9082813, 0.1003341, 5.9981036, 0.5219396
82.5781291,-6.4,-5.7, 2.9281378, 0.0982968, 6.0154773, 0.5609927
82.7780761,-6.6,-5.6, 2.9475920, 0.0962999, 6.0340952, 0.5969178
82.9780232,-6.7,-5.5, 2.9666497, 0.0943217, 6.0538425, 0.6307880
83.1779702,-6.9,-5.4, 2.9853119, 0.0923563, 6.0746405, 0.6630271
83.3779173,-7.0,-5.2, 3.0035853, 0.0904273, 6.0964250, 0.6929365
83.5778643,-7.0,-5.0, 3.0214726, 0.0884985, 6.1191093, 0.7220630
83.7778114,-7.1,-4.8, 3.0389773, 0.0865991, 6.1426580, 0.7494252
83.9777584,-7.1,-4.6, 3.0561048, 0.0847173, 6.1670040, 0.7756298
84.1777054,-7.1,-4.4, 3.0728564, 0.0828465, 6.1921005, 0.8010391
84.3776525,-7.2,-4.2, 3.0892363, 0.0810021, 6.2179127, 0.8251658
84.5775995,-7.2,-4.0, 3.1052484, 0.0791599, 6.2443909, 0.8490547
84.7775466,-7.2,-3.8, 3.1208935, 0.0773381, 6.2715189, 0.8720665
84.9774936,-7.2,-3.6, 3.1361765, 0.0755296, 6.2992606, 0.8945622
85.1774407,-7.2,-3.4, -3.1320870, 0.0737288, 6.3275915, 0.9168339
85.3773877,-7.1,-3.2, -3.1175243, 0.0719462, 6.3564967, 0.9385184
85.5773348,-7.1,-3.0, -3.1033165, 0.0701647, 6.3859501, 0.9603687
85.7772818,-7.1,-2.8, -3.0894644, 0.0683966, 6.4159492, 0.9819267
85.9772288,-7.1,-2.6, -3.0759645, 0.0666373, 6.4464774, 1.0034319
86.1771759,-7.1,-2.4, -3.0628160, 0.0648821, 6.4775256, 1.0251188
86.3771229,-7.2,-2.2, -3.0500182, 0.0631387, 6.5090918, 1.0466980
86.5770700,-7.2,-2.0, -3.0375676, 0.0613941, 6.5411654, 1.0687647
86.7770170,-7.2,-1.8, -3.0254660, 0.0596576, 6.5737537, 1.0909459
86.9769641,-7.2,-1.6, -3.0137106, 0.0579262, 6.6068525, 1.1134070
87.1769111,-7.2,-1.4, -3.0023013, 0.0561963, 6.6404627, 1.1363336
87.3768581,-7.1,-1.2, -2.9912380, 0.0544735, 6.6745905, 1.1595029
87.5768052,-7.1,-1.0, -2.9805178, 0.0527514, 6.7092352, 1.1832406
87.7767522,-7.0,-0.8, -2.9701423, 0.0510334, 6.7444056, 1.2074093
87.9766993,-6.9,-0.7, -2.9601098, 0.0493192, 6.7801064, 1.2320547
88.1766463,-6.7,-0.6, -2.9504196, 0.0476065, 6.8163432, 1.2573079
88.3765934,-6.5,-0.5, -2.9410723, 0.0458978, 6.8531252, 1.2830801
88.5765404,-6.3,-0.4, -2.9320657, 0.0441867, 6.8904587, 1.3097100
88.7764875,-6.1,-0.4, -2.9234018, 0.0424772, 6.9283596, 1.3370183
88.9764345,-5.9,-0.3, -2.9150794, 0.0407697, 6.9668380, 1.3650263
89.1763815,-5.7,-0.3, -2.9070981, 0.0390625, 7.0059045, 1.3938448
89.3763286,-5.5,-0.3, -2.8994586, 0.0373569, 7.0455722, 1.4234372
89.5762756,-5.3,-0.2, -2.8921599, 0.0356463, 7.0858530, 1.4541681
89.7762227,-5.1,-0.2, -2.8852036, 0.0339363, 7.1267682, 1.4857826
89.9761697,-4.9,-0.1, -2.8785891, 0.0322258, 7.1683318, 1.5183747
90.1761168,-4.7,-0.1, -2.8723168, 0.0305130, 7.2105596, 1.5520755
90.3760638,-4.6,0.0, -2.8663873, 0.0288001, 7.2534706, 1.5868070
90.5760109,-4.4,0.0, -2.8608052, 0.0270318, 7.2970810, 1.6255500
90.7759579,-4.2,0.0, -2.8555771, 0.0252638, 7.3414875, 1.6653591
90.9759049,-4.0,0.0, -2.8506736, 0.0241079, 7.3867047, 1.6729069
91.1758520,-3.8,0.0, -2.8459000, 0.0236399, 7.4318498, 1.6438893
91.3757990,-3.6,0.0, -2.8412204, 0.0231700, 7.4759463, 1.6166847
91.5757461,-3.4,0.0, -2.8362158, 0.0270275, 7.5190608, 1.3464395
91.7756931,-3.2,0.0, -2.8304125, 0.0310198, 7.5547805, 1.0731576
91.9756402,-3.0,0.0, -2.8238193, 0.0348476, 7.5831298, 0.8151859
92.1755872,-2.8,0.0, -2.8164870, 0.0384973, 7.6045938, 0.5741555
92.3755342,-2.6,0.0, -2.8084239, 0.0421468, 7.6196750, 0.3403444
92.5754813,-2.4,0.0, -2.7996523, 0.0455927, 7.6286007, 0.1263154
92.7754283,-2.2,0.0, -2.7901915, 0.0490389, 7.6319108, -0.0795881
92.9753754,-2.0,0.0, -2.7800417, 0.0524781, 7.6298254, -0.2764283
93.1753224,-1.8,0.0, -2.7692059, 0.0559116, 7.6225779, -0.4638314
93.3752695,-1.6,0.0, -2.7576822, 0.0593529, 7.6104014, -0.6422025
93.5752165,-1.3,0.0, -2.7454732, 0.0627709, 7.5935102, -0.8093957
93.7751636,-1.1,0.0, -2.7325793, 0.0662044, 7.5721677, -1.0577208
93.9751106,-0.9,0.0, -2.7189977, 0.0696415, 7.5441864, -1.4921931
94.1750576,-0.7,0.0, -2.7047285, 0.0730897, 7.5045339, -1.3477040
94.3750047,-0.5,0.0, -2.6897684, 0.0765593, 7.4685400, -1.3348071
94.5749517,-0.3,0.0, -2.6741131, 0.0800280, 7.4327188, -1.3220335
94.7748988,-0.1,0.0, -2.6577625, 0.0835294, 7.3970694, -1.3093823
