t_s,v_in,v_out
0.01,11.0,0.09509999999999999
0.02,11.0,0.19019999999999998
0.03,11.0,0.2853
0.04,11.0,0.38039999999999996
0.05,11.0,0.4754999999999999
0.060000000000000005,11.0,0.5705999999999999
0.07,11.0,0.6656999999999998
0.08,11.0,0.7607999999999998
0.09,11.0,0.8558999999999998
0.09999999999999999,11.0,0.9509999999999997
0.10999999999999999,11.0,1.0460999999999998
0.11999999999999998,11.0,1.1411999999999998
0.12999999999999998,11.0,1.2362999999999997
0.13999999999999999,11.0,1.3313999999999997
0.15,11.0,1.4264999999999997
0.16,11.0,1.5215999999999996
0.17,11.0,1.6166999999999996
0.18000000000000002,11.0,1.7117999999999995
0.19000000000000003,11.0,1.8068999999999995
0.20000000000000004,11.0,1.9019999999999995
0.21000000000000005,11.0,1.9970999999999994
0.22000000000000006,11.0,2.0921999999999996
0.23000000000000007,11.0,2.1872999999999996
0.24000000000000007,11.0,2.2823999999999995
0.25000000000000006,11.0,2.3774999999999995
0.26000000000000006,11.0,2.4725999999999995
0.2700000000000001,11.0,2.5676999999999994
0.2800000000000001,11.0,2.6627999999999994
0.2900000000000001,11.0,2.7578999999999994
0.3000000000000001,11.0,2.8529999999999993
0.3100000000000001,11.0,2.9480999999999993
0.3200000000000001,11.0,3.0431999999999992
0.3300000000000001,11.0,3.138299999999999
0.34000000000000014,11.0,3.233399999999999
0.35000000000000014,11.0,3.328499999999999
0.36000000000000015,11.0,3.423599999999999
0.37000000000000016,11.0,3.518699999999999
0.38000000000000017,11.0,3.613799999999999
0.3900000000000002,11.0,3.708899999999999
0.4000000000000002,11.0,3.803999999999999
0.4100000000000002,11.0,3.899099999999999
0.4200000000000002,11.0,3.994199999999999
0.4300000000000002,11.0,4.089299999999999
0.4400000000000002,11.0,4.184399999999999
0.45000000000000023,11.0,4.2795
0.46000000000000024,11.0,4.3746
0.47000000000000025,11.0,4.4697000000000005
0.48000000000000026,11.0,4.564800000000001
0.49000000000000027,11.0,4.659900000000001
0.5000000000000002,11.0,4.755000000000002
0.5100000000000002,11.0,4.850100000000002
0.5200000000000002,11.0,4.9452000000000025
0.5300000000000002,11.0,5.040300000000003
0.5400000000000003,11.0,5.135400000000003
0.5500000000000003,11.0,5.230500000000004
0.5600000000000003,11.0,5.325600000000004
0.5700000000000003,11.0,5.4207000000000045
0.5800000000000003,11.0,5.515800000000005
0.5900000000000003,11.0,5.610900000000005
0.6000000000000003,11.0,5.706000000000006
0.6100000000000003,11.0,5.801100000000006
0.6200000000000003,11.0,5.8962000000000065
0.6300000000000003,11.0,5.991300000000007
0.6400000000000003,11.0,6.086400000000007
0.6500000000000004,11.0,6.181500000000008
0.6600000000000004,11.0,6.276600000000008
0.6700000000000004,11.0,6.371700000000009
0.6800000000000004,11.0,6.466800000000009
0.6900000000000004,11.0,6.561900000000009
0.7000000000000004,11.0,6.65700000000001
0.7100000000000004,11.0,6.75210000000001
0.7200000000000004,11.0,6.847200000000011
0.7300000000000004,11.0,6.942300000000011
0.7400000000000004,11.0,7.037400000000011
0.7500000000000004,11.0,7.132500000000012
0.7600000000000005,11.0,7.227600000000012
0.7700000000000005,11.0,7.322691991342004
0.7800000000000005,11.0,7.417135012985913
0.7900000000000005,11.0,7.510390509259931
0.8000000000000005,11.0,7.602502180350478
0.8100000000000005,11.0,7.693511110203568
0.8200000000000005,11.0,7.783455980691631
0.8300000000000005,11.0,7.872373263753149
0.8400000000000005,11.0,7.960297394212362
0.8500000000000005,11.0,8.047260925601638
0.8600000000000005,11.0,8.133294670986153
0.8700000000000006,11.0,8.21842783051832
0.8800000000000006,11.0,8.302688107219062
0.8900000000000006,11.0,8.386101812287448
0.9000000000000006,11.0,8.468693961073473
0.9100000000000006,11.0,8.550488360706273
0.9200000000000006,11.0,8.631507690247753
0.9300000000000006,11.0,8.711773574136437
0.9400000000000006,11.0,8.791306649595525
0.9500000000000006,11.0,8.870126628600577
0.9600000000000006,11.0,8.948252354934052
0.9700000000000006,11.0,9.025701856794566
0.9800000000000006,11.0,9.102492395377004
0.9900000000000007,11.0,9.178640509794336
1.0000000000000007,11.0,9.254162058672303
1.0100000000000007,11.0,9.329072258713296
1.0200000000000007,11.0,9.403385720495056
1.0300000000000007,11.0,9.47711648174272
1.0400000000000007,11.0,9.549529593035853
1.0500000000000007,11.0,9.618499460886998
1.0600000000000007,11.0,9.68418981152182
1.0700000000000007,11.0,9.746756585983958
1.0800000000000007,11.0,9.80634831032042
1.0900000000000007,11.0,9.863106448164684
1.1000000000000008,11.0,9.917165736554454
1.1100000000000008,11.0,9.96865450578129
1.1200000000000008,11.0,10.017694984031388
1.1300000000000008,11.0,10.064403587540696
1.1400000000000008,11.0,10.108891196953136
1.1500000000000008,11.0,10.151263420538015
1.1600000000000008,11.0,10.191620844891432
1.1700000000000008,11.0,10.230059273716844
1.1800000000000008,11.0,10.266669955251608
1.1900000000000008,11.0,10.301539798879395
1.2000000000000008,11.0,10.33475158144268
1.2100000000000009,11.0,10.36638414374508
1.2200000000000009,11.0,10.396512577710002
1.2300000000000009,11.0,10.425208404639891
1.2400000000000009,11.0,10.452539744999264
1.2500000000000009,11.0,10.478571480124549
1.260000000000001,11.0,10.503365406244626
1.270000000000001,11.0,10.526980381177694
1.280000000000001,11.0,10.549472464052695
1.290000000000001,11.0,10.570895048386989
1.300000000000001,11.0,10.591298988836188
1.310000000000001,11.0,10.610732721917028
1.320000000000001,11.0,10.629242380989874
1.330000000000001,11.0,10.646871905773805
1.340000000000001,11.0,10.66366314665426
1.350000000000001,11.0,10.67965596403085
1.360000000000001,11.0,10.694888322941184
1.370000000000001,11.0,10.70939638318533
1.380000000000001,11.0,10.723214585164868
1.390000000000001,11.0,10.736375731640278
1.400000000000001,11.0,10.748911065600783
1.410000000000001,11.0,10.760850344431466
1.420000000000001,11.0,10.77222191055375
1.430000000000001,11.0,10.78305275870692
1.440000000000001,11.0,10.793368600030405
1.450000000000001,11.0,10.80319392309896
1.460000000000001,11.0,10.812552052055604
1.470000000000001,11.0,10.821465201980361
1.480000000000001,11.0,10.829954531626194
1.490000000000001,11.0,10.83804019364737
1.500000000000001,11.0,10.845741382439437
1.5100000000000011,11.0,10.853076379704442
1.5200000000000011,11.0,10.860062597849495
1.5300000000000011,11.0,10.866716621321752
1.5400000000000011,11.0,10.873054245977903
1.5500000000000012,11.0,10.879090516581654
1.5600000000000012,11.0,10.884839762518196
1.5700000000000012,11.0,10.890315631810456
1.5800000000000012,11.0,10.895531123517868
1.5900000000000012,11.0,10.900498618594593
1.6000000000000012,11.0,10.90522990928042
1.6100000000000012,11.0,10.909736227094136
1.6200000000000012,11.0,10.91402826949581
1.6300000000000012,11.0,10.918116225281285
1.6400000000000012,11.0,10.92200979876916
1.6500000000000012,11.0,10.925718232837687
1.6600000000000013,11.0,10.929250330866255
1.6700000000000013,11.0,10.932614477633564
1.6800000000000013,11.0,10.935818659222088
1.6900000000000013,11.0,10.938870481976078
1.7000000000000013,11.0,10.941777190558115
1.7100000000000013,11.0,10.944545685147077
1.7200000000000013,11.0,10.947182537818334
1.7300000000000013,11.0,10.949694008145071
1.7400000000000013,11.0,10.952086058057773
1.7500000000000013,11.0,10.954364365997126
1.7600000000000013,11.0,10.956534340393963
1.7700000000000014,11.0,10.95860113250823
1.7800000000000014,11.0,10.960569648657463
1.7900000000000014,11.0,10.962444561863801
1.8000000000000014,11.0,10.964230322947177
1.8100000000000014,11.0,10.96593117109104
1.8200000000000014,11.0,10.967551143905661
1.8300000000000014,11.0,10.969094087012946
1.8400000000000014,11.0,10.970563663175481
1.8500000000000014,11.0,10.971963360991486
1.8600000000000014,11.0,10.973296503176341
1.8700000000000014,11.0,10.974566254450306
1.8800000000000014,11.0,10.975775629051194
1.8900000000000015,11.0,10.97692749788981
1.9000000000000015,11.0,10.978024595365149
1.9100000000000015,11.0,10.979069525855536
1.9200000000000015,11.0,10.980064769901105
1.9300000000000015,11.0,10.981012690092308
1.9400000000000015,11.0,10.98191553667842
1.9500000000000015,11.0,10.982775452909362
1.9600000000000015,11.0,10.983594480123521
1.9700000000000015,11.0,10.984374562593649
1.9800000000000015,11.0,10.98511755214232
1.9900000000000015,11.0,10.985825212537954
2.0000000000000013,11.0,10.986499223681774
2.010000000000001,11.0,10.987141185595705
2.020000000000001,11.0,10.98775262222063
2.0300000000000007,11.0,10.988334985034038
2.0400000000000005,11.0,10.98888965649567
2.0500000000000003,11.0,10.989417953329301
2.06,11.0,10.989921129648494
2.07,11.0,10.990400379933707
2.0799999999999996,11.0,10.99085684186786
2.0899999999999994,11.0,10.991291599037043
2.099999999999999,11.0,10.99170568350283
2.109999999999999,11.0,10.992100078252271
2.1199999999999988,11.0,10.992475719531376
2.1299999999999986,11.0,10.99283349906766
2.1399999999999983,11.0,10.993174266186992
2.149999999999998,11.0,10.9934988298298
2.159999999999998,11.0,10.993807960471393
2.1699999999999977,11.0,10.994102391950978
2.1799999999999975,11.0,10.994382823213709
2.1899999999999973,11.0,10.994649919969897
2.199999999999997,11.0,10.994904316275328
2.209999999999997,11.0,10.995146616036436
2.2199999999999966,11.0,10.995377394443903
2.2299999999999964,11.0,10.995597199338095
2.239999999999996,11.0,10.995806552509569
2.249999999999996,11.0,10.99600595093774
2.259999999999996,11.0,10.99619586797065
2.2699999999999956,11.0,10.996376754448645
2.2799999999999954,11.0,10.996549039774612
2.289999999999995,11.0,10.99671313293333
2.299999999999995,11.0,10.99686942346235
2.3099999999999947,11.0,10.997018282376715
2.3199999999999945,11.0,10.997160063049702
2.3299999999999943,11.0,10.997295102051687
2.339999999999994,11.0,10.99742371994913
2.349999999999994,11.0,10.997546222065548
2.3599999999999937,11.0,10.99766289920633
2.3699999999999934,11.0,10.99777402834907
2.3799999999999932,11.0,10.997879873301072
2.389999999999993,11.0,10.997980685325606
2.399999999999993,11.0,10.998076703738374
2.4099999999999926,11.0,10.998168156475614
2.4199999999999924,11.0,10.998255260635199
2.429999999999992,11.0,10.998338222991995
2.439999999999992,11.0,10.998417240488726
2.4499999999999917,11.0,10.998492500703486
2.4599999999999915,11.0,10.998564182295036
2.4699999999999913,11.0,10.998632455426907
2.479999999999991,11.0,10.998697482171359
2.489999999999991,11.0,10.99875941689411
2.4999999999999907,11.0,10.998818406620796
2.5099999999999905,11.0,10.998874591385977
2.5199999999999902,11.0,10.998928104565573
2.52999999999999,11.0,10.99897907319348
2.53999999999999,11.0,10.99902761826313
2.5499999999999896,11.0,10.999073855014718
2.5599999999999894,11.0,10.999117893208767
2.569999999999989,11.0,10.99915983738669
2.579999999999989,11.0,10.999199787118954
2.5899999999999888,11.0,10.999237837241449
2.5999999999999885,11.0,10.999274078080617
2.6099999999999883,11.0,10.999308595667884
2.619999999999988,11.0,10.999341471943875
2.629999999999988,11.0,10.999372784952945
2.6399999999999877,11.0,10.999402609028433
2.6499999999999875,11.0,10.999431014969131
2.6599999999999873,11.0,10.99945807020735
2.669999999999987,11.0,10.99948383896899
2.679999999999987,11.0,10.999508382426015
2.6899999999999866,11.0,10.999531758841657
2.6999999999999864,11.0,10.999554023708736
2.709999999999986,11.0,10.999575229881385
2.719999999999986,11.0,10.999595427700525
2.7299999999999858,11.0,10.999614665113365
2.7399999999999856,11.0,10.999632987787225
2.7499999999999853,11.0,10.999650439217943
2.759999999999985,11.0,10.99966706083313
2.769999999999985,11.0,10.999682892090513
2.7799999999999847,11.0,10.99969797057161
2.7899999999999845,11.0,10.99971233207093
2.7999999999999843,11.0,10.999726010680957
2.809999999999984,11.0,10.999739038873077
2.819999999999984,11.0,10.999751447574662
2.8299999999999836,11.0,10.999763266242486
2.8399999999999834,11.0,10.999774522932656
2.849999999999983,11.0,10.999785244367208
2.859999999999983,11.0,10.999795455997548
2.869999999999983,11.0,10.999805182064865
2.8799999999999826,11.0,10.99981444565768
2.8899999999999824,11.0,10.999823268766658
2.899999999999982,11.0,10.999831672336803
2.909999999999982,11.0,10.999839676317189
2.9199999999999817,11.0,10.999847299708307
2.9299999999999815,11.0,10.999854560607178
2.9399999999999813,11.0,10.999861476250306
2.949999999999981,11.0,10.999868063054604
2.959999999999981,11.0,10.999874336656358
2.9699999999999807,11.0,10.999880311948349
2.9799999999999804,11.0,10.999886003115206
2.9899999999999802,11.0,10.999891423667078
2.99999999999998,11.0,10.999896586471708
3.00999999999998,11.0,10.999901503784978
3.0199999999999796,11.0,10.999906187280002
3.0299999999999794,11.0,10.999910648074838
3.039999999999979,11.0,10.99991489675888
3.049999999999979,11.0,10.999918943417994
3.0599999999999787,11.0,10.999922797658469
3.0699999999999785,11.0,10.999926468629809
3.0799999999999783,11.0,10.999929965046462
3.089999999999978,11.0,10.999933295208503
3.099999999999978,11.0,10.999936467021339
3.1099999999999777,11.0,10.999939488014475
3.1199999999999775,11.0,10.999942365359386
3.1299999999999772,11.0,10.999945105886548
3.139999999999977,11.0,10.999947716101643
3.149999999999977,11.0,10.99995020220101
3.1599999999999766,11.0,10.999952570086352
3.1699999999999764,11.0,10.999954825378746
3.179999999999976,11.0,10.999956973431987
3.189999999999976,11.0,10.999959019345296
3.1999999999999758,11.0,10.999960967975428
3.2099999999999755,11.0,10.999962823948197
3.2199999999999753,11.0,10.99996459166946
3.229999999999975,11.0,10.999966275335577
3.239999999999975,11.0,10.999967878943371
3.2499999999999747,11.0,10.999969406299615
3.2599999999999745,11.0,10.999970861030068
3.2699999999999743,11.0,10.999972246588088
3.279999999999974,11.0,10.999973566262824
3.289999999999974,11.0,10.999974823187026
3.2999999999999736,11.0,10.999976020344484
3.3099999999999734,11.0,10.999977160577103
3.319999999999973,11.0,10.999978246591661
3.329999999999973,11.0,10.999979280966228
3.3399999999999728,11.0,10.999980266156284
3.3499999999999726,11.0,10.999981204500552
3.3599999999999723,11.0,10.99998209822655
3.369999999999972,11.0,10.999982949455877
3.379999999999972,11.0,10.99998376020925
3.3899999999999717,11.0,10.9999845324113
3.3999999999999715,11.0,10.999985267895143
3.4099999999999713,11.0,10.99998596840673
3.419999999999971,11.0,10.99998663560899
3.429999999999971,11.0,10.999987271085782
3.4399999999999706,11.0,10.999987876345653
3.4499999999999704,11.0,10.999988452825416
3.45999999999997,11.0,10.999989001893567
3.46999999999997,11.0,10.999989524853529
3.47999999999997,11.0,10.999990022946744
3.4899999999999696,11.0,10.999990497355626
3.4999999999999694,11.0,10.999990949206365
3.509999999999969,11.0,10.999991379571602
3.519999999999969,11.0,10.999991789472972
3.5299999999999687,11.0,10.999992179883533
3.5399999999999685,11.0,10.99999255173007
3.5499999999999683,11.0,10.999992905895306
3.559999999999968,11.0,10.999993243219985
3.569999999999968,11.0,10.999993564504875
3.5799999999999677,11.0,10.999993870512668
3.5899999999999674,11.0,10.999994161969791
3.5999999999999672,11.0,10.999994439568129
3.609999999999967,11.0,10.999994703966664
3.619999999999967,11.0,10.99999495579305
3.6299999999999666,11.0,10.99999519564509
3.6399999999999664,11.0,10.999995424092166
3.649999999999966,11.0,10.999995641676584
3.659999999999966,11.0,10.999995848914862
3.6699999999999657,11.0,10.99999604629896
3.6799999999999655,11.0,10.999996234297445
3.6899999999999653,11.0,10.999996413356602
3.699999999999965,11.0,10.999996583901495
3.709999999999965,11.0,10.99999674633698
3.7199999999999647,11.0,10.999996901048656
3.7299999999999645,11.0,10.999997048403792
3.7399999999999642,11.0,10.999997188752191
3.749999999999964,11.0,10.999997322427024
3.759999999999964,11.0,10.999997449745619
3.7699999999999636,11.0,10.999997571010216
3.7799999999999634,11.0,10.99999768650868
3.789999999999963,11.0,10.999997796515192
3.799999999999963,11.0,10.999997901290895
3.8099999999999627,11.0,10.999998001084514
3.8199999999999625,11.0,10.999998096132945
3.8299999999999623,11.0,10.999998186661823
3.839999999999962,11.0,10.999998272886053
3.849999999999962,11.0,10.999998355010321
3.8599999999999617,11.0,10.99999843322958
3.8699999999999615,11.0,10.999998507729513
3.8799999999999613,11.0,10.999998578686975
3.889999999999961,11.0,10.99999864627041
3.899999999999961,11.0,10.999998710640252
3.9099999999999606,11.0,10.999998771949308
3.9199999999999604,11.0,10.999998830343118
3.92999999999996,11.0,10.999998885960304
3.93999999999996,11.0,10.999998938932892
3.9499999999999598,11.0,10.999998989386633
3.9599999999999596,11.0,10.999999037441299
3.9699999999999593,11.0,10.999999083210964
3.979999999999959,11.0,10.999999126804283
3.989999999999959,11.0,10.99999916832474
3.9999999999999587,11.0,10.999999207870898
4.009999999999959,11.0,10.999999245536637
4.019999999999959,11.0,10.99999928141137
4.0299999999999585,11.0,10.99999931558026
4.039999999999958,11.0,10.999999348124419
4.049999999999958,11.0,10.999999379121103
4.059999999999958,11.0,10.999999408643895
4.069999999999958,11.0,10.999999436762877
4.079999999999957,11.0,10.999999463544803
4.089999999999957,11.0,10.999999489053248
4.099999999999957,11.0,10.999999513348767
4.109999999999957,11.0,10.999999536489034
4.119999999999957,11.0,10.99999955852898
4.129999999999956,11.0,10.999999579520928
4.139999999999956,11.0,10.999999599514707
4.149999999999956,11.0,10.999999618557784
4.159999999999956,11.0,10.99999963669536
4.1699999999999555,11.0,10.999999653970496
4.179999999999955,11.0,10.999999670424199
4.189999999999955,11.0,10.999999686095528
4.199999999999955,11.0,10.999999701021686
4.209999999999955,11.0,10.999999715238104
4.2199999999999545,11.0,10.999999728778532
4.229999999999954,11.0,10.999999741675113
4.239999999999954,11.0,10.99999975395846
4.249999999999954,11.0,10.999999765657735
4.259999999999954,11.0,10.99999977680071
4.269999999999953,11.0,10.999999787413836
4.279999999999953,11.0,10.999999797522308
4.289999999999953,11.0,10.999999807150123
4.299999999999953,11.0,10.999999816320136
4.3099999999999525,11.0,10.999999825054113
4.319999999999952,11.0,10.99999983337279
4.329999999999952,11.0,10.999999841295914
4.339999999999952,11.0,10.999999848842293
4.349999999999952,11.0,10.999999856029842
4.3599999999999515,11.0,10.999999862875622
4.369999999999951,11.0,10.999999869395886
4.379999999999951,11.0,10.999999875606111
4.389999999999951,11.0,10.99999988152104
4.399999999999951,11.0,10.999999887154715
4.40999999999995,11.0,10.999999892520508
4.41999999999995,11.0,10.999999897631158
4.42999999999995,11.0,10.999999902498796
4.43999999999995,11.0,10.99999990713498
4.4499999999999496,11.0,10.999999911550711
4.459999999999949,11.0,10.999999915756474
4.469999999999949,11.0,10.999999919762253
4.479999999999949,11.0,10.999999923577558
4.489999999999949,11.0,10.999999927211446
4.4999999999999485,11.0,10.999999930672542
4.509999999999948,11.0,10.999999933969063
4.519999999999948,11.0,10.999999937108834
4.529999999999948,11.0,10.99999994009931
4.539999999999948,11.0,10.999999942947587
4.549999999999947,11.0,10.999999945660429
4.559999999999947,11.0,10.999999948244275
4.569999999999947,11.0,10.99999995070526
4.579999999999947,11.0,10.999999953049224
4.589999999999947,11.0,10.999999955281734
4.599999999999946,11.0,10.999999957408088
4.609999999999946,11.0,10.999999959433334
4.619999999999946,11.0,10.999999961362278
4.629999999999946,11.0,10.999999963199501
4.6399999999999455,11.0,10.999999964949366
4.649999999999945,11.0,10.999999966616024
4.659999999999945,11.0,10.999999968203431
4.669999999999945,11.0,10.999999969715358
4.679999999999945,11.0,10.999999971155392
4.689999999999944,11.0,10.999999972526952
4.699999999999944,11.0,10.999999973833296
4.709999999999944,11.0,10.999999975077522
4.719999999999944,11.0,10.999999976262586
4.729999999999944,11.0,10.999999977391301
4.739999999999943,11.0,10.999999978466345
4.749999999999943,11.0,10.999999979490271
4.759999999999943,11.0,10.999999980465509
4.769999999999943,11.0,10.999999981394375
4.7799999999999425,11.0,10.999999982279071
4.789999999999942,11.0,10.999999983121702
4.799999999999942,11.0,10.999999983924265
4.809999999999942,11.0,10.999999984688667
4.819999999999942,11.0,10.999999985416721
4.8299999999999415,11.0,10.999999986110156
4.839999999999941,11.0,10.999999986770618
4.849999999999941,11.0,10.999999987399676
4.859999999999941,11.0,10.999999987998821
4.869999999999941,11.0,10.999999988569478
4.87999999999994,11.0,10.999999989112998
4.88999999999994,11.0,10.999999989630675
4.89999999999994,11.0,10.999999990123737
4.90999999999994,11.0,10.999999990593352
4.9199999999999395,11.0,10.999999991040639
4.929999999999939,11.0,10.999999991466657
4.939999999999939,11.0,10.999999991872418
4.949999999999939,11.0,10.999999992258884
4.959999999999939,11.0,10.999999992626973
4.9699999999999385,11.0,10.99999999297756
4.979999999999938,11.0,10.999999993311478
4.989999999999938,11.0,10.999999993629517
4.999999999999938,11.0,10.999999993932434
5.009999999999938,11.0,10.999999994220946
5.019999999999937,0.0,10.904899994220946
5.029999999999937,0.0,10.809799994220946
5.039999999999937,0.0,10.714699994220945
5.049999999999937,0.0,10.619599994220945
5.0599999999999365,0.0,10.524499994220944
5.069999999999936,0.0,10.429399994220944
5.079999999999936,0.0,10.334299994220943
5.089999999999936,0.0,10.239199994220943
5.099999999999936,0.0,10.144099994220943
5.1099999999999355,0.0,10.048999994220942
5.119999999999935,0.0,9.953899994220942
5.129999999999935,0.0,9.858799994220941
5.139999999999935,0.0,9.763699994220941
5.149999999999935,0.0,9.66859999422094
5.159999999999934,0.0,9.57349999422094
5.169999999999934,0.0,9.47839999422094
5.179999999999934,0.0,9.38329999422094
5.189999999999934,0.0,9.288199994220939
5.199999999999934,0.0,9.193099994220939
5.209999999999933,0.0,9.097999994220938
5.219999999999933,0.0,9.002899994220938
5.229999999999933,0.0,8.907799994220937
5.239999999999933,0.0,8.812699994220937
5.2499999999999325,0.0,8.717599994220937
5.259999999999932,0.0,8.622499994220936
5.269999999999932,0.0,8.527399994220936
5.279999999999932,0.0,8.432299994220935
5.289999999999932,0.0,8.337199994220935
5.299999999999931,0.0,8.242099994220935
5.309999999999931,0.0,8.146999994220934
5.319999999999931,0.0,8.051899994220934
5.329999999999931,0.0,7.956799994220933
5.339999999999931,0.0,7.861699994220933
5.34999999999993,0.0,7.7665999942209325
5.35999999999993,0.0,7.671499994220932
5.36999999999993,0.0,7.576399994220932
5.37999999999993,0.0,7.481299994220931
5.3899999999999295,0.0,7.386199994220931
5.399999999999929,0.0,7.2910999942209305
5.409999999999929,0.0,7.19599999422093
5.419999999999929,0.0,7.10089999422093
5.429999999999929,0.0,7.005799994220929
5.4399999999999284,0.0,6.910699994220929
5.449999999999928,0.0,6.815599994220928
5.459999999999928,0.0,6.720499994220928
5.469999999999928,0.0,6.625399994220928
5.479999999999928,0.0,6.530299994220927
5.489999999999927,0.0,6.435199994220927
5.499999999999927,0.0,6.340099994220926
5.509999999999927,0.0,6.244999994220926
5.519999999999927,0.0,6.149899994220926
5.5299999999999265,0.0,6.054799994220925
5.539999999999926,0.0,5.959699994220925
5.549999999999926,0.0,5.864599994220924
5.559999999999926,0.0,5.769499994220924
5.569999999999926,0.0,5.674399994220924
5.5799999999999255,0.0,5.579299994220923
5.589999999999925,0.0,5.484199994220923
5.599999999999925,0.0,5.389099994220922
5.609999999999925,0.0,5.293999994220922
5.619999999999925,0.0,5.1988999942209215
5.629999999999924,0.0,5.103799994220921
5.639999999999924,0.0,5.008699994220921
5.649999999999924,0.0,4.91359999422092
5.659999999999924,0.0,4.81849999422092
5.6699999999999235,0.0,4.7233999942209195
5.679999999999923,0.0,4.628299994220919
5.689999999999923,0.0,4.533199994220919
5.699999999999923,0.0,4.438099994220918
5.709999999999923,0.0,4.342999994220918
5.7199999999999225,0.0,4.2478999942209175
5.729999999999922,0.0,4.152799994220917
5.739999999999922,0.0,4.057699994220917
5.749999999999922,0.0,3.9625999942209167
5.759999999999922,0.0,3.8674999942209167
5.769999999999921,0.0,3.7723999942209168
5.779999999999921,0.0,3.677299994220917
5.789999999999921,0.0,3.582199994220917
5.799999999999921,0.0,3.487099994220917
5.809999999999921,0.0,3.391999994220917
5.81999999999992,0.0,3.296899994220917
5.82999999999992,0.0,3.201799994220917
5.83999999999992,0.0,3.106699994220917
5.84999999999992,0.0,3.011599994220917
5.8599999999999195,0.0,2.916499994220917
5.869999999999919,0.0,2.821399994220917
5.879999999999919,0.0,2.726299994220917
5.889999999999919,0.0,2.631199994220917
5.899999999999919,0.0,2.5360999942209173
5.909999999999918,0.0,2.4409999942209173
5.919999999999918,0.0,2.3458999942209173
5.929999999999918,0.0,2.2507999942209174
5.939999999999918,0.0,2.1556999942209174
5.949999999999918,0.0,2.0605999942209174
5.959999999999917,0.0,1.9654999942209175
5.969999999999917,0.0,1.8703999942209175
5.979999999999917,0.0,1.7752999942209176
5.989999999999917,0.0,1.6801999942209176
5.9999999999999165,0.0,1.5850999942209176
6.009999999999916,0.0,1.4899999942209177
6.019999999999916,0.0,1.3948999942209177
6.029999999999916,0.0,1.2997999942209177
6.039999999999916,0.0,1.2046999942209178
6.0499999999999154,0.0,1.1095999942209178
6.059999999999915,0.0,1.0144999942209179
6.069999999999915,0.0,0.9193999942209179
6.079999999999915,0.0,0.8242999942209179
6.089999999999915,0.0,0.729199994220918
6.099999999999914,0.0,0.634099994220918
6.109999999999914,0.0,0.538999994220918
6.119999999999914,0.0,0.4438999942209181
6.129999999999914,0.0,0.3594702153200995
6.1399999999999135,0.0,0.29109898036621656
6.149999999999913,0.0,0.23573195430056218
6.159999999999913,0.0,0.19089573659259526
6.169999999999913,0.0,0.15458736749268365
6.179999999999913,0.0,0.1251848501955752
6.1899999999999125,0.0,0.1013746916883768
6.199999999999912,0.0,0.08209322532924754
6.209999999999912,0.0,0.06647909387162465
6.219999999999912,0.0,0.053834770217241645
6.229999999999912,0.0,0.04359539692192228
6.239999999999911,0.0,0.03530355242737267
6.249999999999911,0.0,0.028588816755686385
6.259999999999911,0.0,0.023151223808754836
6.269999999999911,0.0,0.018747861040329668
6.2799999999999105,0.0,0.015182017870458964
6.28999999999991,0.0,0.012294398071497669
6.29999999999991,0.0,0.009956003558298811
6.30999999999991,0.0,0.008062371681510378
6.31999999999991,0.0,0.006528908587687105
6.3299999999999095,0.0,0.005287110174309018
6.339999999999909,0.0,0.004281501819155443
6.349999999999909,0.0,0.003467160173152078
6.359999999999909,0.0,0.002807706308218553
6.369999999999909,0.0,0.0022736805683953843
6.379999999999908,0.0,0.0018412265242865823
6.389999999999908,0.0,0.0014910252393672745
6.399999999999908,0.0,0.001207432238839619
6.409999999999908,0.0,0.0009777786270123235
6.419999999999908,0.0,0.0007918051321545796
6.429999999999907,0.0,0.0006412037960187786
6.439999999999907,0.0,0.0005192468340160069
6.449999999999907,0.0,0.00042048608618616235
6.459999999999907,0.0,0.00034050963259355427
6.4699999999999065,0.0,0.00027574470047426027
6.479999999999906,0.0,0.00022329805844405597
6.489999999999906,0.0,0.00018082676772799653
6.499999999999906,0.0,0.00014643351650613158
6.509999999999906,0.0,0.00011858186166666536
6.519999999999905,0.0,9.60275915776656e-05
6.529999999999905,0.0,7.776314365959361e-05
6.539999999999905,0.0,6.29725937355389e-05
6.549999999999905,0.0,5.0995206407039405e-05
6.559999999999905,0.0,4.129591814842051e-05
6.569999999999904,0.0,3.344143451659093e-05
6.579999999999904,0.0,2.7080873671535333e-05
6.589999999999904,0.0,2.1930091499209314e-05
6.599999999999904,0.0,1.7758988096059704e-05
6.6099999999999035,0.0,1.4381228560189148e-05
6.619999999999903,0.0,1.1645918888041172e-05
6.629999999999903,0.0,9.43086511553574e-06
6.639999999999903,0.0,7.637114570560843e-06
6.649999999999903,0.0,6.184535379240171e-06
6.659999999999902,0.0,5.008236750108691e-06
6.669999999999902,0.0,4.055670120238018e-06
6.679999999999902,0.0,3.284281663368747e-06
6.689999999999902,0.0,2.6596112909960116e-06
6.699999999999902,0.0,2.1537532234485703e-06
6.709999999999901,0.0,1.7441093603486523e-06
6.719999999999901,0.0,1.4123797600103388e-06
6.729999999999901,0.0,1.1437451296563725e-06
6.739999999999901,0.0,9.262048059957304e-07
6.7499999999999005,0.0,7.500406518953425e-07
6.7599999999999,0.0,6.073829199048483e-07
6.7699999999999,0.0,4.918586885389462e-07
6.7799999999999,0.0,3.983071659788386e-07
6.7899999999999,0.0,3.225491430096635e-07
6.7999999999998995,0.0,2.612002960092255e-07
6.809999999999899,0.0,2.1151999970827082e-07
6.819999999999899,0.0,1.712888957637577e-07
6.829999999999899,0.0,1.38709747789491e-07
6.839999999999899,0.0,1.123271537599298e-07
6.849999999999898,0.0,9.096252911479115e-08
6.859999999999898,0.0,7.366145607715787e-08
6.869999999999898,0.0,5.965104713128245e-08
6.879999999999898,0.0,4.8305417966912526e-08
6.8899999999998975,0.0,3.911772746960577e-08
6.899999999999897,0.0,3.167753570488675e-08
6.909999999999897,0.0,2.5652468413817292e-08
6.919999999999897,0.0,2.0773368921509244e-08
6.929999999999897,0.0,1.6822274152638187e-08
6.9399999999998965,0.0,1.3622677608806405e-08
6.949999999999896,0.0,1.1031644327611428e-08
6.959999999999896,0.0,8.933425576499734e-09
6.969999999999896,0.0,7.234288031849485e-09
6.979999999999896,0.0,5.858326448191713e-09
6.989999999999895,0.0,4.744072757745649e-09
6.999999999999895,0.0,3.841750119222427e-09
7.009999999999895,0.0,3.1110492465463217e-09
7.019999999999895,0.0,2.5193276798532117e-09
7.0299999999998946,0.0,2.040151555145131e-09
7.039999999999894,0.0,1.6521147293565273e-09
7.049999999999894,0.0,1.3378825078329158e-09
7.059999999999894,0.0,1.0834172548430953e-09
7.069999999999894,0.0,8.773512929719386e-10
7.0799999999998935,0.0,7.104790770486759e-10
7.089999999999893,0.0,5.753459565940177e-10
7.099999999999893,0.0,4.659151556498356e-10
7.109999999999893,0.0,3.772980930452369e-10
7.119999999999893,0.0,3.055359957480328e-10
7.129999999999892,0.0,2.47423049356757e-10
7.139999999999892,0.0,2.0036318536910184e-10
7.149999999999892,0.0,1.6225410751189866e-10
7.159999999999892,0.0,1.3139337626313554e-10
7.169999999999892,0.0,1.0640235609788716e-10
7.179999999999891,0.0,8.616462796806902e-11
7.189999999999891,0.0,6.977611572854229e-11
7.199999999999891,0.0,5.6504698516973546e-11
7.209999999999891,0.0,4.575750485904518e-11
7.2199999999998905,0.0,3.705442743485479e-11
7.22999999999989,0.0,3.000667533674541e-11
7.23999999999989,0.0,2.4299405687696434e-11
7.24999999999989,0.0,1.9677658725896572e-11
7.25999999999989,0.0,1.5934968036231043e-11
7.269999999999889,0.0,1.2904137115739899e-11
7.279999999999889,0.0,1.044977023632617e-11
7.289999999999889,0.0,8.462223937376932e-12
7.299999999999889,0.0,6.852708944487839e-12
7.309999999999889,0.0,5.549323703246252e-12
7.319999999999888,0.0,4.4938423348888145e-12
7.329999999999888,0.0,3.639113522792962e-12
7.339999999999888,0.0,2.9469541307577405e-12
7.349999999999888,0.0,2.3864434550876184e-12
7.3599999999998875,0.0,1.9325419099299535e-12
7.369999999999887,0.0,1.5649724386612765e-12
7.379999999999887,0.0,1.2673146808279019e-12
7.389999999999887,0.0,1.026271428534435e-12
7.399999999999887,0.0,8.310746028271854e-13
7.4099999999998865,0.0,6.730042133694547e-13
7.419999999999886,0.0,5.449988119865845e-13
7.429999999999886,0.0,4.4134003794673613e-13
7.439999999999886,0.0,3.573971627292669e-13
7.449999999999886,0.0,2.8942022237816034e-13
7.459999999999885,0.0,2.3437249608183423e-13
7.469999999999885,0.0,1.8979484732706936e-13
7.479999999999885,0.0,1.536958673654608e-13
7.489999999999885,0.0,1.2446291339255014e-13
7.4999999999998845,0.0,1.007900672652871e-13
7.509999999999884,0.0,8.161979647142951e-14
7.519999999999884,0.0,6.609571118256362e-14
7.529999999999884,0.0,5.352430691564002e-14
7.539999999999884,0.0,4.334398374028529e-14
7.5499999999998835,0.0,3.509995803288303e-14
7.559999999999883,0.0,2.8423946015028674e-14
7.569999999999883,0.0,2.301771148297022e-14
7.579999999999883,0.0,1.8639742758909285e-14
7.589999999999883,0.0,1.509446368616474e-14
7.599999999999882,0.0,1.2223496693056205e-14
7.609999999999882,0.0,9.898587622036916e-15
7.619999999999882,0.0,8.015876256325493e-15
7.629999999999882,0.0,6.491256592372384e-15
7.6399999999998816,0.0,5.256619588503157e-15
7.649999999999881,0.0,4.256810542769857e-15
7.659999999999881,0.0,3.4471651775350302e-15
7.669999999999881,0.0,2.7915143607678676e-15
7.679999999999881,0.0,2.260568329349819e-15
7.6899999999998805,0.0,1.8306082331074835e-15
7.69999999999988,0.0,1.4824265471704403e-15
7.70999999999988,0.0,1.2004690178986226e-15
7.71999999999988,0.0,9.721398106943046e-16
7.72999999999988,0.0,7.872388187002479e-16
7.739999999999879,0.0,6.375059953834608e-16
7.749999999999879,0.0,5.162523550615265e-16
7.759999999999879,0.0,4.180611571288242e-16
7.769999999999879,0.0,3.385459250429218e-16
7.779999999999879,0.0,2.741544900997581e-16
7.789999999999878,0.0,2.220103060827841e-16
7.799999999999878,0.0,1.7978394586583856e-16
7.809999999999878,0.0,1.4558903936215608e-16
7.819999999999878,0.0,1.17898004075474e-16
7.8299999999998775,0.0,9.547380370031884e-17
7.839999999999877,0.0,7.731468623651821e-17
7.849999999999877,0.0,6.260943291433245e-17
7.859999999999877,0.0,5.070111877402642e-17
7.869999999999877,0.0,4.10577659832066e-17
7.879999999999876,0.0,3.324857889320071e-17
7.889999999999876,0.0,2.6924699187713935e-17
